path,label
../data/1/0.mp3,0
../data/1/1.mp3,0
../data/1/2.mp3,0
../data/1/3.mp3,0
../data/1/4.mp3,0
../data/1/5.mp3,0
../data/1/6.mp3,0
../data/1/7.mp3,0
../data/1/8.mp3,0
../data/1/9.mp3,0
../data/1/10.mp3,0
../data/1/11.mp3,0
../data/1/12.mp3,0
../data/1/13.mp3,0
../data/1/14.mp3,0
../data/1/15.mp3,0
../data/1/16.mp3,0
../data/1/17.mp3,0
../data/1/18.mp3,0
../data/1/19.mp3,0
../data/1/20.mp3,0
../data/1/21.mp3,0
../data/1/22.mp3,0
../data/1/23.mp3,0
../data/1/24.mp3,0
../data/1/25.mp3,0
../data/1/26.mp3,0
../data/1/27.mp3,0
../data/1/28.mp3,0
../data/1/29.mp3,0
../data/1/30.mp3,0
../data/1/31.mp3,0
../data/1/32.mp3,0
../data/1/33.mp3,0
../data/1/34.mp3,0
../data/1/35.mp3,0
../data/1/36.mp3,0
../data/1/37.mp3,0
../data/1/38.mp3,0
../data/1/39.mp3,0
../data/1/40.mp3,0
../data/1/41.mp3,0
../data/1/42.mp3,0
../data/1/43.mp3,0
../data/1/44.mp3,0
../data/1/45.mp3,0
../data/1/46.mp3,0
../data/1/47.mp3,0
../data/1/48.mp3,0
../data/1/49.mp3,0
../data/1/50.mp3,0
../data/1/51.mp3,0
../data/1/52.mp3,0
../data/1/53.mp3,0
../data/1/54.mp3,0
../data/1/55.mp3,0
../data/1/56.mp3,0
../data/1/57.mp3,0
../data/1/58.mp3,0
../data/1/59.mp3,0
../data/1/60.mp3,0
../data/1/61.mp3,0
../data/1/62.mp3,0
../data/1/63.mp3,0
../data/1/64.mp3,0
../data/1/65.mp3,0
../data/1/66.mp3,0
../data/1/67.mp3,0
../data/1/68.mp3,0
../data/1/69.mp3,0
../data/1/70.mp3,0
../data/1/71.mp3,0
../data/1/72.mp3,0
../data/1/73.mp3,0
../data/1/74.mp3,0
../data/1/75.mp3,0
../data/1/76.mp3,0
../data/1/77.mp3,0
../data/1/78.mp3,0
../data/1/79.mp3,0
../data/1/80.mp3,0
../data/1/81.mp3,0
../data/1/82.mp3,0
../data/1/83.mp3,0
../data/1/84.mp3,0
../data/1/85.mp3,0
../data/1/86.mp3,0
../data/1/87.mp3,0
../data/1/88.mp3,0
../data/1/89.mp3,0
../data/1/90.mp3,0
../data/1/91.mp3,0
../data/2/0.mp3,1
../data/2/1.mp3,1
../data/2/2.mp3,1
../data/2/3.mp3,1
../data/2/4.mp3,1
../data/2/5.mp3,1
../data/2/6.mp3,1
../data/2/7.mp3,1
../data/2/8.mp3,1
../data/2/9.mp3,1
../data/2/10.mp3,1
../data/2/11.mp3,1
../data/2/12.mp3,1
../data/2/13.mp3,1
../data/2/14.mp3,1
../data/2/15.mp3,1
../data/2/16.mp3,1
../data/2/17.mp3,1
../data/2/18.mp3,1
../data/2/19.mp3,1
../data/2/20.mp3,1
../data/2/21.mp3,1
../data/2/22.mp3,1
../data/2/23.mp3,1
../data/2/24.mp3,1
../data/2/25.mp3,1
../data/2/26.mp3,1
../data/2/27.mp3,1
../data/2/28.mp3,1
../data/2/29.mp3,1
../data/2/30.mp3,1
../data/2/31.mp3,1
../data/2/32.mp3,1
../data/2/33.mp3,1
../data/2/34.mp3,1
../data/2/35.mp3,1
../data/2/36.mp3,1
../data/2/37.mp3,1
../data/2/38.mp3,1
../data/2/39.mp3,1
../data/2/40.mp3,1
../data/2/41.mp3,1
../data/2/42.mp3,1
../data/2/43.mp3,1
../data/2/44.mp3,1
../data/2/45.mp3,1
../data/2/46.mp3,1
../data/2/47.mp3,1
../data/2/48.mp3,1
../data/2/49.mp3,1
../data/2/50.mp3,1
../data/2/51.mp3,1
../data/2/52.mp3,1
../data/2/53.mp3,1
../data/2/54.mp3,1
../data/2/55.mp3,1
../data/2/56.mp3,1
../data/2/57.mp3,1
../data/2/58.mp3,1
../data/2/59.mp3,1
../data/2/60.mp3,1
../data/2/61.mp3,1
../data/2/62.mp3,1
../data/2/63.mp3,1
../data/2/64.mp3,1
../data/2/65.mp3,1
../data/2/66.mp3,1
../data/2/67.mp3,1
../data/2/68.mp3,1
../data/2/69.mp3,1
../data/2/70.mp3,1
../data/2/71.mp3,1
../data/2/72.mp3,1
../data/2/73.mp3,1
../data/2/74.mp3,1
../data/2/75.mp3,1
../data/2/76.mp3,1
../data/2/77.mp3,1
../data/2/78.mp3,1
../data/2/79.mp3,1
../data/2/80.mp3,1
../data/2/81.mp3,1
../data/2/82.mp3,1
../data/2/83.mp3,1
../data/2/84.mp3,1
../data/2/85.mp3,1
../data/2/86.mp3,1
../data/2/87.mp3,1
../data/2/88.mp3,1
../data/2/89.mp3,1
../data/2/90.mp3,1
../data/2/91.mp3,1
../data/3/0.mp3,2
../data/3/1.mp3,2
../data/3/2.mp3,2
../data/3/3.mp3,2
../data/3/4.mp3,2
../data/3/5.mp3,2
../data/3/6.mp3,2
../data/3/7.mp3,2
../data/3/8.mp3,2
../data/3/9.mp3,2
../data/3/10.mp3,2
../data/3/11.mp3,2
../data/3/12.mp3,2
../data/3/13.mp3,2
../data/3/14.mp3,2
../data/3/15.mp3,2
../data/3/16.mp3,2
../data/3/17.mp3,2
../data/3/18.mp3,2
../data/3/19.mp3,2
../data/3/20.mp3,2
../data/3/21.mp3,2
../data/3/22.mp3,2
../data/3/23.mp3,2
../data/3/24.mp3,2
../data/3/25.mp3,2
../data/3/26.mp3,2
../data/3/27.mp3,2
../data/3/28.mp3,2
../data/3/29.mp3,2
../data/3/30.mp3,2
../data/3/31.mp3,2
../data/3/32.mp3,2
../data/3/33.mp3,2
../data/3/34.mp3,2
../data/3/35.mp3,2
../data/3/36.mp3,2
../data/3/37.mp3,2
../data/3/38.mp3,2
../data/3/39.mp3,2
../data/3/40.mp3,2
../data/3/41.mp3,2
../data/3/42.mp3,2
../data/3/43.mp3,2
../data/3/44.mp3,2
../data/3/45.mp3,2
../data/3/46.mp3,2
../data/3/47.mp3,2
../data/3/48.mp3,2
../data/3/49.mp3,2
../data/3/50.mp3,2
../data/3/51.mp3,2
../data/3/52.mp3,2
../data/3/53.mp3,2
../data/3/54.mp3,2
../data/3/55.mp3,2
../data/3/56.mp3,2
../data/3/57.mp3,2
../data/3/58.mp3,2
../data/3/59.mp3,2
../data/3/60.mp3,2
../data/3/61.mp3,2
../data/3/62.mp3,2
../data/3/63.mp3,2
../data/3/64.mp3,2
../data/3/65.mp3,2
../data/3/66.mp3,2
../data/3/67.mp3,2
../data/3/68.mp3,2
../data/3/69.mp3,2
../data/3/70.mp3,2
../data/3/71.mp3,2
../data/3/72.mp3,2
../data/3/73.mp3,2
../data/3/74.mp3,2
../data/3/75.mp3,2
../data/3/76.mp3,2
../data/3/77.mp3,2
../data/3/78.mp3,2
../data/3/79.mp3,2
../data/3/80.mp3,2
../data/3/81.mp3,2
../data/3/82.mp3,2
../data/3/83.mp3,2
../data/3/84.mp3,2
../data/3/85.mp3,2
../data/3/86.mp3,2
../data/3/87.mp3,2
../data/3/88.mp3,2
../data/3/89.mp3,2
../data/3/90.mp3,2
../data/3/91.mp3,2
../data/4/0.mp3,3
../data/4/1.mp3,3
../data/4/2.mp3,3
../data/4/3.mp3,3
../data/4/4.mp3,3
../data/4/5.mp3,3
../data/4/6.mp3,3
../data/4/7.mp3,3
../data/4/8.mp3,3
../data/4/9.mp3,3
../data/4/10.mp3,3
../data/4/11.mp3,3
../data/4/12.mp3,3
../data/4/13.mp3,3
../data/4/14.mp3,3
../data/4/15.mp3,3
../data/4/16.mp3,3
../data/4/17.mp3,3
../data/4/18.mp3,3
../data/4/19.mp3,3
../data/4/20.mp3,3
../data/4/21.mp3,3
../data/4/22.mp3,3
../data/4/23.mp3,3
../data/4/24.mp3,3
../data/4/25.mp3,3
../data/4/26.mp3,3
../data/4/27.mp3,3
../data/4/28.mp3,3
../data/4/29.mp3,3
../data/4/30.mp3,3
../data/4/31.mp3,3
../data/4/32.mp3,3
../data/4/33.mp3,3
../data/4/34.mp3,3
../data/4/35.mp3,3
../data/4/36.mp3,3
../data/4/37.mp3,3
../data/4/38.mp3,3
../data/4/39.mp3,3
../data/4/40.mp3,3
../data/4/41.mp3,3
../data/4/42.mp3,3
../data/4/43.mp3,3
../data/4/44.mp3,3
../data/4/45.mp3,3
../data/4/46.mp3,3
../data/4/47.mp3,3
../data/4/48.mp3,3
../data/4/49.mp3,3
../data/4/50.mp3,3
../data/4/51.mp3,3
../data/4/52.mp3,3
../data/4/53.mp3,3
../data/4/54.mp3,3
../data/4/55.mp3,3
../data/4/56.mp3,3
../data/4/57.mp3,3
../data/4/58.mp3,3
../data/4/59.mp3,3
../data/4/60.mp3,3
../data/4/61.mp3,3
../data/4/62.mp3,3
../data/4/63.mp3,3
../data/4/64.mp3,3
../data/4/65.mp3,3
../data/4/66.mp3,3
../data/4/67.mp3,3
../data/4/68.mp3,3
../data/4/69.mp3,3
../data/4/70.mp3,3
../data/4/71.mp3,3
../data/4/72.mp3,3
../data/4/73.mp3,3
../data/4/74.mp3,3
../data/4/75.mp3,3
../data/4/76.mp3,3
../data/4/77.mp3,3
../data/4/78.mp3,3
../data/4/79.mp3,3
../data/4/80.mp3,3
../data/4/81.mp3,3
../data/4/82.mp3,3
../data/4/83.mp3,3
../data/4/84.mp3,3
../data/4/85.mp3,3
../data/4/86.mp3,3
../data/4/87.mp3,3
../data/4/88.mp3,3
../data/4/89.mp3,3
../data/4/90.mp3,3
../data/4/91.mp3,3
../data/5/0.mp3,4
../data/5/1.mp3,4
../data/5/2.mp3,4
../data/5/3.mp3,4
../data/5/4.mp3,4
../data/5/5.mp3,4
../data/5/6.mp3,4
../data/5/7.mp3,4
../data/5/8.mp3,4
../data/5/9.mp3,4
../data/5/10.mp3,4
../data/5/11.mp3,4
../data/5/12.mp3,4
../data/5/13.mp3,4
../data/5/14.mp3,4
../data/5/15.mp3,4
../data/5/16.mp3,4
../data/5/17.mp3,4
../data/5/18.mp3,4
../data/5/19.mp3,4
../data/5/20.mp3,4
../data/5/21.mp3,4
../data/5/22.mp3,4
../data/5/23.mp3,4
../data/5/24.mp3,4
../data/5/25.mp3,4
../data/5/26.mp3,4
../data/5/27.mp3,4
../data/5/28.mp3,4
../data/5/29.mp3,4
../data/5/30.mp3,4
../data/5/31.mp3,4
../data/5/32.mp3,4
../data/5/33.mp3,4
../data/5/34.mp3,4
../data/5/35.mp3,4
../data/5/36.mp3,4
../data/5/37.mp3,4
../data/5/38.mp3,4
../data/5/39.mp3,4
../data/5/40.mp3,4
../data/5/41.mp3,4
../data/5/42.mp3,4
../data/5/43.mp3,4
../data/5/44.mp3,4
../data/5/45.mp3,4
../data/5/46.mp3,4
../data/5/47.mp3,4
../data/5/48.mp3,4
../data/5/49.mp3,4
../data/5/50.mp3,4
../data/5/51.mp3,4
../data/5/52.mp3,4
../data/5/53.mp3,4
../data/5/54.mp3,4
../data/5/55.mp3,4
../data/5/56.mp3,4
../data/5/57.mp3,4
../data/5/58.mp3,4
../data/5/59.mp3,4
../data/5/60.mp3,4
../data/5/61.mp3,4
../data/5/62.mp3,4
../data/5/63.mp3,4
../data/5/64.mp3,4
../data/5/65.mp3,4
../data/5/66.mp3,4
../data/5/67.mp3,4
../data/5/68.mp3,4
../data/5/69.mp3,4
../data/5/70.mp3,4
../data/5/71.mp3,4
../data/5/72.mp3,4
../data/5/73.mp3,4
../data/5/74.mp3,4
../data/5/75.mp3,4
../data/5/76.mp3,4
../data/5/77.mp3,4
../data/5/78.mp3,4
../data/5/79.mp3,4
../data/5/80.mp3,4
../data/5/81.mp3,4
../data/5/82.mp3,4
../data/5/83.mp3,4
../data/5/84.mp3,4
../data/5/85.mp3,4
../data/5/86.mp3,4
../data/5/87.mp3,4
../data/5/88.mp3,4
../data/5/89.mp3,4
../data/5/90.mp3,4
../data/5/91.mp3,4
../data/6/0.mp3,5
../data/6/1.mp3,5
../data/6/2.mp3,5
../data/6/3.mp3,5
../data/6/4.mp3,5
../data/6/5.mp3,5
../data/6/6.mp3,5
../data/6/7.mp3,5
../data/6/8.mp3,5
../data/6/9.mp3,5
../data/6/10.mp3,5
../data/6/11.mp3,5
../data/6/12.mp3,5
../data/6/13.mp3,5
../data/6/14.mp3,5
../data/6/15.mp3,5
../data/6/16.mp3,5
../data/6/17.mp3,5
../data/6/18.mp3,5
../data/6/19.mp3,5
../data/6/20.mp3,5
../data/6/21.mp3,5
../data/6/22.mp3,5
../data/6/23.mp3,5
../data/6/24.mp3,5
../data/6/25.mp3,5
../data/6/26.mp3,5
../data/6/27.mp3,5
../data/6/28.mp3,5
../data/6/29.mp3,5
../data/6/30.mp3,5
../data/6/31.mp3,5
../data/6/32.mp3,5
../data/6/33.mp3,5
../data/6/34.mp3,5
../data/6/35.mp3,5
../data/6/36.mp3,5
../data/6/37.mp3,5
../data/6/38.mp3,5
../data/6/39.mp3,5
../data/6/40.mp3,5
../data/6/41.mp3,5
../data/6/42.mp3,5
../data/6/43.mp3,5
../data/6/44.mp3,5
../data/6/45.mp3,5
../data/6/46.mp3,5
../data/6/47.mp3,5
../data/6/48.mp3,5
../data/6/49.mp3,5
../data/6/50.mp3,5
../data/6/51.mp3,5
../data/6/52.mp3,5
../data/6/53.mp3,5
../data/6/54.mp3,5
../data/6/55.mp3,5
../data/6/56.mp3,5
../data/6/57.mp3,5
../data/6/58.mp3,5
../data/6/59.mp3,5
../data/6/60.mp3,5
../data/6/61.mp3,5
../data/6/62.mp3,5
../data/6/63.mp3,5
../data/6/64.mp3,5
../data/6/65.mp3,5
../data/6/66.mp3,5
../data/6/67.mp3,5
../data/6/68.mp3,5
../data/6/69.mp3,5
../data/6/70.mp3,5
../data/6/71.mp3,5
../data/6/72.mp3,5
../data/6/73.mp3,5
../data/6/74.mp3,5
../data/6/75.mp3,5
../data/6/76.mp3,5
../data/6/77.mp3,5
../data/6/78.mp3,5
../data/6/79.mp3,5
../data/6/80.mp3,5
../data/6/81.mp3,5
../data/6/82.mp3,5
../data/6/83.mp3,5
../data/6/84.mp3,5
../data/6/85.mp3,5
../data/6/86.mp3,5
../data/6/87.mp3,5
../data/6/88.mp3,5
../data/6/89.mp3,5
../data/6/90.mp3,5
../data/6/91.mp3,5
../data/7/0.mp3,6
../data/7/1.mp3,6
../data/7/2.mp3,6
../data/7/3.mp3,6
../data/7/4.mp3,6
../data/7/5.mp3,6
../data/7/6.mp3,6
../data/7/7.mp3,6
../data/7/8.mp3,6
../data/7/9.mp3,6
../data/7/10.mp3,6
../data/7/11.mp3,6
../data/7/12.mp3,6
../data/7/13.mp3,6
../data/7/14.mp3,6
../data/7/15.mp3,6
../data/7/16.mp3,6
../data/7/17.mp3,6
../data/7/18.mp3,6
../data/7/19.mp3,6
../data/7/20.mp3,6
../data/7/21.mp3,6
../data/7/22.mp3,6
../data/7/23.mp3,6
../data/7/24.mp3,6
../data/7/25.mp3,6
../data/7/26.mp3,6
../data/7/27.mp3,6
../data/7/28.mp3,6
../data/7/29.mp3,6
../data/7/30.mp3,6
../data/7/31.mp3,6
../data/7/32.mp3,6
../data/7/33.mp3,6
../data/7/34.mp3,6
../data/7/35.mp3,6
../data/7/36.mp3,6
../data/7/37.mp3,6
../data/7/38.mp3,6
../data/7/39.mp3,6
../data/7/40.mp3,6
../data/7/41.mp3,6
../data/7/42.mp3,6
../data/7/43.mp3,6
../data/7/44.mp3,6
../data/7/45.mp3,6
../data/7/46.mp3,6
../data/7/47.mp3,6
../data/7/48.mp3,6
../data/7/49.mp3,6
../data/7/50.mp3,6
../data/7/51.mp3,6
../data/7/52.mp3,6
../data/7/53.mp3,6
../data/7/54.mp3,6
../data/7/55.mp3,6
../data/7/56.mp3,6
../data/7/57.mp3,6
../data/7/58.mp3,6
../data/7/59.mp3,6
../data/7/60.mp3,6
../data/7/61.mp3,6
../data/7/62.mp3,6
../data/7/63.mp3,6
../data/7/64.mp3,6
../data/7/65.mp3,6
../data/7/66.mp3,6
../data/7/67.mp3,6
../data/7/68.mp3,6
../data/7/69.mp3,6
../data/7/70.mp3,6
../data/7/71.mp3,6
../data/7/72.mp3,6
../data/7/73.mp3,6
../data/7/74.mp3,6
../data/7/75.mp3,6
../data/7/76.mp3,6
../data/7/77.mp3,6
../data/7/78.mp3,6
../data/7/79.mp3,6
../data/7/80.mp3,6
../data/7/81.mp3,6
../data/7/82.mp3,6
../data/7/83.mp3,6
../data/7/84.mp3,6
../data/7/85.mp3,6
../data/7/86.mp3,6
../data/7/87.mp3,6
../data/7/88.mp3,6
../data/7/89.mp3,6
../data/7/90.mp3,6
../data/7/91.mp3,6
../data/8/0.mp3,7
../data/8/1.mp3,7
../data/8/2.mp3,7
../data/8/3.mp3,7
../data/8/4.mp3,7
../data/8/5.mp3,7
../data/8/6.mp3,7
../data/8/7.mp3,7
../data/8/8.mp3,7
../data/8/9.mp3,7
../data/8/10.mp3,7
../data/8/11.mp3,7
../data/8/12.mp3,7
../data/8/13.mp3,7
../data/8/14.mp3,7
../data/8/15.mp3,7
../data/8/16.mp3,7
../data/8/17.mp3,7
../data/8/18.mp3,7
../data/8/19.mp3,7
../data/8/20.mp3,7
../data/8/21.mp3,7
../data/8/22.mp3,7
../data/8/23.mp3,7
../data/8/24.mp3,7
../data/8/25.mp3,7
../data/8/26.mp3,7
../data/8/27.mp3,7
../data/8/28.mp3,7
../data/8/29.mp3,7
../data/8/30.mp3,7
../data/8/31.mp3,7
../data/8/32.mp3,7
../data/8/33.mp3,7
../data/8/34.mp3,7
../data/8/35.mp3,7
../data/8/36.mp3,7
../data/8/37.mp3,7
../data/8/38.mp3,7
../data/8/39.mp3,7
../data/8/40.mp3,7
../data/8/41.mp3,7
../data/8/42.mp3,7
../data/8/43.mp3,7
../data/8/44.mp3,7
../data/8/45.mp3,7
../data/8/46.mp3,7
../data/8/47.mp3,7
../data/8/48.mp3,7
../data/8/49.mp3,7
../data/8/50.mp3,7
../data/8/51.mp3,7
../data/8/52.mp3,7
../data/8/53.mp3,7
../data/8/54.mp3,7
../data/8/55.mp3,7
../data/8/56.mp3,7
../data/8/57.mp3,7
../data/8/58.mp3,7
../data/8/59.mp3,7
../data/8/60.mp3,7
../data/8/61.mp3,7
../data/8/62.mp3,7
../data/8/63.mp3,7
../data/8/64.mp3,7
../data/8/65.mp3,7
../data/8/66.mp3,7
../data/8/67.mp3,7
../data/8/68.mp3,7
../data/8/69.mp3,7
../data/8/70.mp3,7
../data/8/71.mp3,7
../data/8/72.mp3,7
../data/8/73.mp3,7
../data/8/74.mp3,7
../data/8/75.mp3,7
../data/8/76.mp3,7
../data/8/77.mp3,7
../data/8/78.mp3,7
../data/8/79.mp3,7
../data/8/80.mp3,7
../data/8/81.mp3,7
../data/8/82.mp3,7
../data/8/83.mp3,7
../data/8/84.mp3,7
../data/8/85.mp3,7
../data/8/86.mp3,7
../data/8/87.mp3,7
../data/8/88.mp3,7
../data/8/89.mp3,7
../data/8/90.mp3,7
../data/8/91.mp3,7
../data/9/0.mp3,8
../data/9/1.mp3,8
../data/9/2.mp3,8
../data/9/3.mp3,8
../data/9/4.mp3,8
../data/9/5.mp3,8
../data/9/6.mp3,8
../data/9/7.mp3,8
../data/9/8.mp3,8
../data/9/9.mp3,8
../data/9/10.mp3,8
../data/9/11.mp3,8
../data/9/12.mp3,8
../data/9/13.mp3,8
../data/9/14.mp3,8
../data/9/15.mp3,8
../data/9/16.mp3,8
../data/9/17.mp3,8
../data/9/18.mp3,8
../data/9/19.mp3,8
../data/9/20.mp3,8
../data/9/21.mp3,8
../data/9/22.mp3,8
../data/9/23.mp3,8
../data/9/24.mp3,8
../data/9/25.mp3,8
../data/9/26.mp3,8
../data/9/27.mp3,8
../data/9/28.mp3,8
../data/9/29.mp3,8
../data/9/30.mp3,8
../data/9/31.mp3,8
../data/9/32.mp3,8
../data/9/33.mp3,8
../data/9/34.mp3,8
../data/9/35.mp3,8
../data/9/36.mp3,8
../data/9/37.mp3,8
../data/9/38.mp3,8
../data/9/39.mp3,8
../data/9/40.mp3,8
../data/9/41.mp3,8
../data/9/42.mp3,8
../data/9/43.mp3,8
../data/9/44.mp3,8
../data/9/45.mp3,8
../data/9/46.mp3,8
../data/9/47.mp3,8
../data/9/48.mp3,8
../data/9/49.mp3,8
../data/9/50.mp3,8
../data/9/51.mp3,8
../data/9/52.mp3,8
../data/9/53.mp3,8
../data/9/54.mp3,8
../data/9/55.mp3,8
../data/9/56.mp3,8
../data/9/57.mp3,8
../data/9/58.mp3,8
../data/9/59.mp3,8
../data/9/60.mp3,8
../data/9/61.mp3,8
../data/9/62.mp3,8
../data/9/63.mp3,8
../data/9/64.mp3,8
../data/9/65.mp3,8
../data/9/66.mp3,8
../data/9/67.mp3,8
../data/9/68.mp3,8
../data/9/69.mp3,8
../data/9/70.mp3,8
../data/9/71.mp3,8
../data/9/72.mp3,8
../data/9/73.mp3,8
../data/9/74.mp3,8
../data/9/75.mp3,8
../data/9/76.mp3,8
../data/9/77.mp3,8
../data/9/78.mp3,8
../data/9/79.mp3,8
../data/9/80.mp3,8
../data/9/81.mp3,8
../data/9/82.mp3,8
../data/9/83.mp3,8
../data/9/84.mp3,8
../data/9/85.mp3,8
../data/9/86.mp3,8
../data/9/87.mp3,8
../data/9/88.mp3,8
../data/9/89.mp3,8
../data/9/90.mp3,8
../data/9/91.mp3,8
../data/10/0.mp3,9
../data/10/1.mp3,9
../data/10/2.mp3,9
../data/10/3.mp3,9
../data/10/4.mp3,9
../data/10/5.mp3,9
../data/10/6.mp3,9
../data/10/7.mp3,9
../data/10/8.mp3,9
../data/10/9.mp3,9
../data/10/10.mp3,9
../data/10/11.mp3,9
../data/10/12.mp3,9
../data/10/13.mp3,9
../data/10/14.mp3,9
../data/10/15.mp3,9
../data/10/16.mp3,9
../data/10/17.mp3,9
../data/10/18.mp3,9
../data/10/19.mp3,9
../data/10/20.mp3,9
../data/10/21.mp3,9
../data/10/22.mp3,9
../data/10/23.mp3,9
../data/10/24.mp3,9
../data/10/25.mp3,9
../data/10/26.mp3,9
../data/10/27.mp3,9
../data/10/28.mp3,9
../data/10/29.mp3,9
../data/10/30.mp3,9
../data/10/31.mp3,9
../data/10/32.mp3,9
../data/10/33.mp3,9
../data/10/34.mp3,9
../data/10/35.mp3,9
../data/10/36.mp3,9
../data/10/37.mp3,9
../data/10/38.mp3,9
../data/10/39.mp3,9
../data/10/40.mp3,9
../data/10/41.mp3,9
../data/10/42.mp3,9
../data/10/43.mp3,9
../data/10/44.mp3,9
../data/10/45.mp3,9
../data/10/46.mp3,9
../data/10/47.mp3,9
../data/10/48.mp3,9
../data/10/49.mp3,9
../data/10/50.mp3,9
../data/10/51.mp3,9
../data/10/52.mp3,9
../data/10/53.mp3,9
../data/10/54.mp3,9
../data/10/55.mp3,9
../data/10/56.mp3,9
../data/10/57.mp3,9
../data/10/58.mp3,9
../data/10/59.mp3,9
../data/10/60.mp3,9
../data/10/61.mp3,9
../data/10/62.mp3,9
../data/10/63.mp3,9
../data/10/64.mp3,9
../data/10/65.mp3,9
../data/10/66.mp3,9
../data/10/67.mp3,9
../data/10/68.mp3,9
../data/10/69.mp3,9
../data/10/70.mp3,9
../data/10/71.mp3,9
../data/10/72.mp3,9
../data/10/73.mp3,9
../data/10/74.mp3,9
../data/10/75.mp3,9
../data/10/76.mp3,9
../data/10/77.mp3,9
../data/10/78.mp3,9
../data/10/79.mp3,9
../data/10/80.mp3,9
../data/10/81.mp3,9
../data/10/82.mp3,9
../data/10/83.mp3,9
../data/10/84.mp3,9
../data/10/85.mp3,9
../data/10/86.mp3,9
../data/10/87.mp3,9
../data/10/88.mp3,9
../data/10/89.mp3,9
../data/10/90.mp3,9
../data/10/91.mp3,9
